Name,F1,Precision,Recall,PSNR
dibco_img0001,0.24340826245443498,0.9846399606782993,0.13886867006342934,0.25831696655589775
dibco_img0002,0.10117874912345143,0.7609241587142139,0.054192302189154384,0.09141806302992375
dibco_img0003,0.36694280526554696,0.8670063011127497,0.23271798193529813,0.35234811705605296
dibco_img0004,0.16398670585749142,0.7683168316831683,0.09178889414598478,0.3088837278913805
dibco_img0005,0.07316428948758584,0.9850640113798008,0.03799308717836177,0.16238401473183955
